rep,it,density,num_added,num_all,acc_tr,acc_imi,acc_bias,acc_full
4,0,all,2739,3105,0.9348679756262694,0.9392823290453622,0.9394719025050778,0.9357616790792146
4,0,hd,2739,3105,0.9344376461224693,0.9381186887529225,0.9391633089588619,0.9358304730637218
4,0,ld,2739,3105,0.9353822375460706,0.9406729283081678,0.9398406848175009,0.935679467364166
