rep,it,density,num_added,num_all,acc_tr,acc_imi,acc_bias,acc_full
0,1,all,3396,3993,0.9403541219027932,0.9481056382081758,0.9440530910871162,0.941822830255392
0,1,hd,3396,3993,0.9418669084680873,0.9485164475341292,0.9439826708981915,0.9433781673467332
0,1,ld,3396,3993,0.9385788602506503,0.9476235516670608,0.9441357294868763,0.9399976353747931
