rep,it,density,num_added,num_all,acc_tr,acc_imi,acc_bias,acc_full
5,2,all,3747,4880,0.9371403989890843,0.9446953809754262,0.9440232295531538,0.9384040436629564
5,2,hd,3747,4880,0.9372710169323696,0.9448460243588475,0.9444499455391623,0.9385087632438855
5,2,ld,3747,4880,0.9369851729818781,0.9445163567898329,0.9435161214403389,0.9382795951988703
