rep,it,density,num_added,num_all,acc_tr,acc_imi,acc_bias,acc_full
1,0,all,2688,3105,0.934941835415769,0.9404620853080569,0.9388194743644981,0.9359651012494614
1,0,hd,2688,3105,0.93234755946788,0.938677612383166,0.9361060283863311,0.9336828050046981
1,0,ld,2688,3105,0.9380431569612769,0.9425953295891221,0.9420632574637895,0.9386934673366835
