rep,it,density,num_added,num_all,acc_tr,acc_imi,acc_bias,acc_full
0,4,all,5696,6655,0.9424483912203878,0.9482960263279572,0.9487583974759976,0.9432099436995132
0,4,hd,5696,6655,0.9435796685305526,0.9484660722381744,0.9491209510855876,0.9443856732658304
0,4,ld,5696,6655,0.9411208323480729,0.9480964767084417,0.9483329392291322,0.9418302199101443
