rep,it,density,num_added,num_all,acc_tr,acc_imi,acc_bias,acc_full
0,0,all,2727,3105,0.939592569423668,0.9444882639323307,0.941550847227133,0.9409796828677891
0,0,hd,2727,3105,0.9405571507732607,0.944184172082011,0.9420684096519067,0.9425721626114554
0,0,ld,2727,3105,0.938460628990305,0.9448451170489477,0.940943485457555,0.9391109009222038
