rep,it,density,num_added,num_all,acc_tr,acc_imi,acc_bias,acc_full
3,1,all,3197,3993,0.9346583247937005,0.9429103068874386,0.940051777142549,0.935602178954749
3,1,hd,3197,3993,0.9338933893389338,0.9406440644064407,0.9376937693769377,0.9348934893489349
3,1,ld,3197,3993,0.9355537344884102,0.9455630999765863,0.9428119878248654,0.9364317490049169
