rep,it,density,num_added,num_all,acc_tr,acc_imi,acc_bias,acc_full
7,0,all,2683,3105,0.9353695487501352,0.9403203116545829,0.9382642571150308,0.9370468564008224
7,0,hd,2683,3105,0.935287968539997,0.9393698043705511,0.9374782219124894,0.936681766140674
7,0,ld,2683,3105,0.9354666666666667,0.9414518518518519,0.9392,0.9374814814814815
