rep,it,density,num_added,num_all,acc_tr,acc_imi,acc_bias,acc_full
5,3,all,4487,5767,0.9395601441092649,0.9437812550411356,0.9452062160563531,0.9393450556541377
5,3,hd,4487,5767,0.940093078522626,0.9437072977522527,0.9458857312605209,0.9397465095554015
5,3,ld,4487,5767,0.9389268063073665,0.9438691456813367,0.9443986820428336,0.9388679689338668
