rep,it,density,num_added,num_all,acc_tr,acc_imi,acc_bias,acc_full
4,4,all,5518,6655,0.9381178063642519,0.9448341232227488,0.9439404197698037,0.9412322274881516
4,4,hd,5518,6655,0.9382181763915833,0.9422474257573497,0.940506392080784,0.940954086454758
4,4,ld,5518,6655,0.9379978599453097,0.9479253358696944,0.9480442277969325,0.9415646177624539
