rep,it,density,num_added,num_all,acc_tr,acc_imi,acc_bias,acc_full
6,3,all,4828,5767,0.9395918808032823,0.9443424746275103,0.9439645864824012,0.9406715612178795
6,3,hd,4828,5767,0.9366060304011962,0.9402442063294294,0.9399451781709445,0.9380513331672066
6,3,ld,4828,5767,0.9431195901784137,0.9491844785962433,0.9487134193016546,0.9437672967084731
