rep,it,density,num_added,num_all,acc_tr,acc_imi,acc_bias,acc_full
1,1,all,3220,3993,0.9363151658767772,0.9433972425678587,0.9418892718655751,0.9380116329168462
1,1,hd,3220,3993,0.9341278868503041,0.9397655902279808,0.9394688689975768,0.9365016566935365
1,1,ld,3220,3993,0.9389299438368313,0.9477386934673366,0.9447827372154892,0.9398167307123855
