rep,it,density,num_added,num_all,acc_tr,acc_imi,acc_bias,acc_full
0,3,all,4916,5767,0.9419588217695216,0.9484592161449126,0.9483776212364349,0.9430195555797318
0,3,hd,4916,5767,0.9438819203062818,0.9480630698705355,0.9482645710543549,0.9442345473779659
0,3,ld,4916,5767,0.93970205722393,0.9489240955308583,0.94851028611965,0.9415937573894537
