rep,it,density,num_added,num_all,acc_tr,acc_imi,acc_bias,acc_full
5,1,all,3128,3993,0.9367102220788299,0.9410926493520461,0.9399096628488466,0.9375705758993386
5,1,hd,3128,3993,0.937617585899594,0.9407862164570749,0.9401920982275472,0.9379146450143578
5,1,ld,3128,3993,0.9356319133913862,0.9414568133678513,0.9395740174158626,0.9371616851023771
