rep,it,density,num_added,num_all,acc_tr,acc_imi,acc_bias,acc_full
2,1,all,3300,3993,0.9376232541805116,0.9436745279196045,0.9438366156090445,0.9386498095469649
2,1,hd,3300,3993,0.9393427136677771,0.9430219261174365,0.9441654651220603,0.9402376572366131
2,1,ld,3300,3993,0.9355773781353526,0.9444510175106484,0.9434453383814482,0.9367605300520587
