rep,it,density,num_added,num_all,acc_tr,acc_imi,acc_bias,acc_full
6,4,all,5648,6655,0.9407525372489743,0.945260202979918,0.9450442668969985,0.941670265601382
6,4,hd,5648,6655,0.938200847246449,0.9420882133067531,0.9408921006728134,0.9389484176426613
6,4,ld,5648,6655,0.9437672967084731,0.9490078313607725,0.94994994994995,0.9448860625331214
