rep,it,density,num_added,num_all,acc_tr,acc_imi,acc_bias,acc_full
4,2,all,4098,4880,0.9361137440758294,0.9442383209207854,0.942396750169262,0.9383073798239675
4,2,hd,4098,4880,0.935730985425061,0.9417499875640452,0.9409043426354275,0.938616126946227
4,2,ld,4098,4880,0.936571156818452,0.9472119843062656,0.944180240161693,0.9379384139816906
