rep,it,density,num_added,num_all,acc_tr,acc_imi,acc_bias,acc_full
6,0,all,2713,3105,0.9360019434247463,0.9401317210105808,0.9391330166270784,0.9376484560570071
6,0,hd,2713,3105,0.9335160727635186,0.9372040867181659,0.9368053825068527,0.9350112135559432
6,0,ld,2713,3105,0.938938938938939,0.9435906494730024,0.9418830595301183,0.9407642937054702
