rep,it,density,num_added,num_all,acc_tr,acc_imi,acc_bias,acc_full
2,4,all,5560,6655,0.9410000810438447,0.946457033254991,0.9465380770997109,0.941945592565578
2,4,hd,5560,6655,0.9423258588972306,0.9456570377367871,0.9464028240441505,0.9432705215532243
2,4,ld,5560,6655,0.9394226218646474,0.9474088973024136,0.94669900615239,0.9403691433980123
