rep,it,density,num_added,num_all,acc_tr,acc_imi,acc_bias,acc_full
6,2,all,4048,4880,0.938863096523429,0.9445314187000647,0.944045562513496,0.940077736989851
6,2,hd,4048,4880,0.9360578121106404,0.9406429105407426,0.940443558435086,0.9375529529030651
6,2,ld,4048,4880,0.9421774715892363,0.9491255961844197,0.9483012424188895,0.9430607077665901
