rep,it,density,num_added,num_all,acc_tr,acc_imi,acc_bias,acc_full
1,2,all,3826,4880,0.9372845756139595,0.9446628608358466,0.9440704437742352,0.9385771219302025
1,2,hd,3826,4880,0.935660946540725,0.9400128579199841,0.9411997428416004,0.9366994708471391
1,2,ld,3826,4880,0.9392255394620159,0.9502216967188886,0.9475022169671888,0.9408217558380136
