rep,it,density,num_added,num_all,acc_tr,acc_imi,acc_bias,acc_full
5,0,all,2641,3105,0.9349088562671398,0.9386729042318653,0.937731892240684,0.9356347798031941
5,0,hd,2641,3105,0.9354391523913259,0.9388553322111101,0.938310723834043,0.9360827804733142
5,0,ld,2641,3105,0.9342786538008944,0.9384561073193692,0.9370440103553778,0.9351023770298894
