rep,it,density,num_added,num_all,acc_tr,acc_imi,acc_bias,acc_full
4,1,all,3398,3993,0.9356804333107651,0.9436154366960054,0.9422884224779959,0.9363033175355451
4,1,hd,3398,3993,0.9357807292443914,0.9417499875640452,0.9420484504800278,0.9360294483410436
4,1,ld,3398,3993,0.9355605754369278,0.945844727143027,0.9425751991439781,0.9366306027820711
