rep,it,density,num_added,num_all,acc_tr,acc_imi,acc_bias,acc_full
3,3,all,4677,5767,0.9382719378674289,0.9466317890081442,0.9438002265249986,0.9386764467935926
3,3,hd,4677,5767,0.9381938193819382,0.9440944094409441,0.942044204420442,0.938043804380438
3,3,ld,4677,5767,0.9383633809412315,0.949601966752517,0.9458557714820885,0.9394169983610395
