rep,it,density,num_added,num_all,acc_tr,acc_imi,acc_bias,acc_full
2,2,all,4030,4880,0.9388659264662182,0.9467271794040576,0.9461058432612043,0.9403787449009914
2,2,hd,4030,4880,0.9407845671953463,0.9462536667826779,0.9452592850395267,0.9416297916770248
2,2,ld,4030,4880,0.9365830572645528,0.947290582110743,0.9471131093232371,0.9388902035021297
