rep,it,density,num_added,num_all,acc_tr,acc_imi,acc_bias,acc_full
3,2,all,3927,4880,0.9364111968070762,0.9449867860417454,0.9430721104579041,0.938946119411035
3,2,hd,3927,4880,0.9360936093609361,0.9431443144314432,0.9409440944094409,0.9392439243924392
3,2,ld,3927,4880,0.9367829548115195,0.9471435261062983,0.9455630999765863,0.9385975181456333
