rep,it,density,num_added,num_all,acc_tr,acc_imi,acc_bias,acc_full
2,3,all,4790,5767,0.9400545695221114,0.9468352378636843,0.9468622524785909,0.9408920225842181
2,3,hd,4790,5767,0.9416297916770248,0.94600507134689,0.9469994530900413,0.9421269825486004
2,3,ld,4790,5767,0.938180312352106,0.9478230004732607,0.94669900615239,0.9394226218646474
