rep,it,density,num_added,num_all,acc_tr,acc_imi,acc_bias,acc_full
2,0,all,2713,3105,0.9372990788016317,0.9422427533295513,0.9410000810438447,0.9375692249506983
2,0,hd,2713,3105,0.9393427136677771,0.9433202406403819,0.9423755779843882,0.9392929945806195
2,0,ld,2713,3105,0.934867486985329,0.9409607193563654,0.9393634642688121,0.9355182205395173
