rep,it,density,num_added,num_all,acc_tr,acc_imi,acc_bias,acc_full
4,3,all,4768,5767,0.9386594448205823,0.9455653351387948,0.943019634394042,0.9381990521327014
4,3,hd,4768,5767,0.9392130527781923,0.9435407650599413,0.9409043426354275,0.9381684325722529
4,3,ld,4768,5767,0.9379978599453097,0.9479847818333135,0.9455474973249316,0.938235643799786
