rep,it,density,num_added,num_all,acc_tr,acc_imi,acc_bias,acc_full
5,4,all,5167,6655,0.9396945743937194,0.9439963434962628,0.9442920901220627,0.9393988277679196
5,4,hd,5167,6655,0.9403406277849292,0.944895534211308,0.9444994553916229,0.9389543519160313
5,4,ld,5167,6655,0.9389268063073665,0.9429277477053424,0.9440456578018357,0.9399270416568605
