rep,it,density,num_added,num_all,acc_tr,acc_imi,acc_bias,acc_full
1,3,all,4586,5767,0.939196467040069,0.9450937096079276,0.9446628608358466,0.938792546316243
1,3,hd,4586,5767,0.9382819840759606,0.9410019286879976,0.941694278225607,0.9363532960783344
1,3,ld,4586,5767,0.9402896837126811,0.9499852202187408,0.9482116464676322,0.9417085427135679
