rep,it,density,num_added,num_all,acc_tr,acc_imi,acc_bias,acc_full
3,0,all,2583,3105,0.9325279111159053,0.9373280837063804,0.9351167682433525,0.9342538158675369
3,0,hd,2583,3105,0.9313431343134313,0.9356935693569357,0.933043304330433,0.9333433343334333
3,0,ld,2583,3105,0.9339147740575977,0.9392413954577382,0.9375439007258254,0.9353195972840084
