rep,it,density,num_added,num_all,acc_tr,acc_imi,acc_bias,acc_full
1,4,all,5356,6655,0.9387386902197329,0.9447705730288669,0.9450667815596726,0.9399235243429557
1,4,hd,5356,6655,0.9365016566935365,0.9403095791503883,0.9422382671480144,0.937787448691954
1,4,ld,5356,6655,0.9414129470883831,0.9501034584688146,0.94844812296778,0.9424770913390482
