rep,it,density,num_added,num_all,acc_tr,acc_imi,acc_bias,acc_full
0,2,all,4136,4880,0.9417684336497403,0.9490575788070824,0.9454130062284114,0.9413332608045258
0,2,hd,4136,4880,0.9431766661629137,0.9487683240139035,0.9444864238577402,0.9428240390912297
0,2,ld,4136,4880,0.9401158666351384,0.9493970205722393,0.946500354693781,0.9395838259635848
