rep,it,density,num_added,num_all,acc_tr,acc_imi,acc_bias,acc_full
3,4,all,5437,6655,0.9384607086996386,0.9478722830483792,0.9460654765115151,0.9378404616795211
3,4,hd,5437,6655,0.9377937793779378,0.9465446544654466,0.9441944194419442,0.937043704370437
3,4,ld,5437,6655,0.9392413954577382,0.9494263638492156,0.9482556778272068,0.9387731210489346
