rep,it,density,num_added,num_all,acc_tr,acc_imi,acc_bias,acc_full
6,1,all,3288,3993,0.9376484560570071,0.9425610019434247,0.9406175771971497,0.9390790326063485
6,1,hd,3288,3993,0.9351607276351857,0.9392972838275604,0.9376027909294792,0.9361076501370545
6,1,ld,3288,3993,0.9405876464699994,0.9464170052405346,0.9441794735912383,0.9425896484720014
